{
  "source": "live (7) + backtest (8)",
  "results": [
    {
      "n_trades": 15,
      "n_sims": 10000,
      "position_size": 0.02,
      "win_rate": 0.4,
      "avg_win_pct": 1.5047852527326109,
      "avg_loss_pct": -4.083790660468236,
      "expectancy_pct": -1.8483602951878977,
      "final_median": 9945.734013947174,
      "final_p5": 9902.357907120271,
      "final_p95": 9987.447629997383,
      "ruin_pct": 0.0,
      "dd_median_pct": -0.5571741308516501,
      "dd_p5_pct": -0.950645002562131,
      "dd_p95_pct": -0.2204737441597085,
      "dd_worst_pct": -1.5653612076684975,
      "max_loss_run_median": 4.0,
      "max_loss_run_p95": 8.0,
      "max_loss_run_worst": 15
    },
    {
      "n_trades": 15,
      "n_sims": 10000,
      "position_size": 0.05,
      "win_rate": 0.4,
      "avg_win_pct": 1.5047852527326109,
      "avg_loss_pct": -4.083790660468236,
      "expectancy_pct": -1.8483602951878977,
      "final_median": 9864.691153008507,
      "final_p5": 9757.425155114317,
      "final_p95": 9968.56093635374,
      "ruin_pct": 0.0,
      "dd_median_pct": -1.3886800141836602,
      "dd_p5_pct": -2.3621878096775677,
      "dd_p95_pct": -0.550685964423371,
      "dd_worst_pct": -3.8717158881301317,
      "max_loss_run_median": 4.0,
      "max_loss_run_p95": 8.0,
      "max_loss_run_worst": 15
    }
  ]
}