{
  "source": "live (7) + backtest (8)",
  "results": [
    {
      "n_trades": 15,
      "n_sims": 10000,
      "position_size": 0.02,
      "win_rate": 0.4,
      "avg_win_pct": 1.5047852527326109,
      "avg_loss_pct": -3.8651026220680214,
      "expectancy_pct": -1.7171474721477684,
      "final_median": 9949.687282374427,
      "final_p5": 9906.585846933467,
      "final_p95": 9990.535852494155,
      "ruin_pct": 0.0,
      "dd_median_pct": -0.5195640749266746,
      "dd_p5_pct": -0.9123554281599614,
      "dd_p95_pct": -0.1979526760323029,
      "dd_worst_pct": -1.565361207668487,
      "max_loss_run_median": 4.0,
      "max_loss_run_p95": 8.0,
      "max_loss_run_worst": 15
    },
    {
      "n_trades": 15,
      "n_sims": 10000,
      "position_size": 0.05,
      "win_rate": 0.4,
      "avg_win_pct": 1.5047852527326109,
      "avg_loss_pct": -3.8651026220680214,
      "expectancy_pct": -1.7171474721477684,
      "final_median": 9874.523396862693,
      "final_p5": 9767.849964937948,
      "final_p95": 9976.287623559405,
      "ruin_pct": 0.0,
      "dd_median_pct": -1.2953948686062458,
      "dd_p5_pct": -2.2670864396884363,
      "dd_p95_pct": -0.49442168200865766,
      "dd_worst_pct": -3.8717158881301015,
      "max_loss_run_median": 4.0,
      "max_loss_run_p95": 8.0,
      "max_loss_run_worst": 15
    }
  ]
}